{
	"btnAbout": "OK",
	"restartButton": "Anwenden && Neustarten",
	"restartButton8": "Anwenden && Neustarten",
	"restartButton10": "Anwenden && Neustarten",
	"restartAndApply": "Neustarten, um Änderungen anzuwenden?",
	"txtVersion": "Version: {VN}",
	"txtBitness": "Sie arbeiten mit {BITS}",
	"linkUpdate": "Update verfügbar",
	"lblLab": "Experimenteller Build\n(nach dem Testen löschen)",
	"performanceSw": "Leistungsoptimierungen aktivieren",
	"networkSw": "Netzwerkdrosselung deaktivieren",
	"defenderSw": "Windows Defender deaktivieren",
	"systemRestoreSw": "Systemwiederherstellung deaktivieren",
	"printSw": "Druckdienst deaktivieren",
	"mediaSharingSw": "Media Player-Freigabe deaktivieren",
	"faxSw": "Faxdienst deaktivieren",
	"reportingSw": "Fehlerberichterstattung deaktivieren",
	"homegroupSw": "Heimnetzgruppe deaktivieren",
	"superfetchSw": "Superfetch deaktivieren",
	"telemetryTasksSw": "Telemetrie-Aufgaben deaktivieren",
	"officeTelemetrySw": "Office 2016 Telemetrie deaktivieren",
	"compatSw": "Kompatibilitätsassistent deaktivieren",
	"smartScreenSw": "SmartScreen deaktivieren",
	"stickySw": "Sticky Keys deaktivieren",
	"universalTab": "Universell",
	"modernAppsTab": "UWP Apps",
	"startupTab": "Startup",
	"appsTab": "Weit verbreitete Apps",
	"cleanerTab": "Cleaner",
	"pingerTab": "Pinger",
	"registryFixerTab": "Registry",
	"integratorTab": "Integrator",
	"optionsTab": "Optionen",
	"oldMixerSw": "Klassischen Lautstärkemixer aktivieren",
	"colorBarSw": "Taskleistenfarbe aktivieren",
	"oldExplorerSw": " Schnellzugriffsverlauf deaktivieren",
	"adsSw": "Startmenü-Werbung deaktivieren",
	"darkSw": "Dunkles Design aktivieren",
	"uODSw": "OneDrive deinstallieren",
	"peopleSw": "My People deaktivieren",
	"longPathsSw": "Lange Pfadangaben aktivieren",
	"autoUpdatesSw": "Automatische Updates deaktivieren",
	"driversSw": "Treiber von Updates ausschließen",
	"telemetryServicesSw": "Telemetriedienste deaktivieren",
	"privacySw": "Datenschutz verbessern",
	"ccSw": "Cloud-Zwischenablage deaktivieren",
	"cortanaSw": "Cortana deaktivieren",
	"sensorSw": "Sensordienste deaktivieren",
	"castSw": " Auf Gerät übertragen entfernen",
    "inkSw": "Windows Ink deaktivieren",
	"spellSw": "Rechtschreibprüfung deaktivieren",
	"xboxSw": "Xbox Live deaktivieren",
	"gameBarSw": "Spieleleiste deaktivieren",
	"insiderSw": "Insider Service deaktivieren",
	"featuresSw": "Feature-Updates deaktivieren",
	"actionSw": " Benachrichtigungscenter deaktivieren",
	"disableOneDriveSw": "OneDrive deaktivieren",
	"refreshModernAppsButton": "Aktualisieren",
	"uninstallModernAppsButton": "Deinstallieren",
	"txtModernAppsTitle": "Unerwünschte UWP-Apps deinstallieren",
	"chkSelectAllModernApps": "Alle auswählen",
	"chkOnlyRemovable": "Nur Deinstallierbare",
	"txtUWP": "Wenn Sie den Store deinstallieren,\nkönnen Sie keine neuen UWP-Apps installieren!\n\nAuch einige Apps können nicht deinstalliert werden.\n\nWie Microsoft Edge,\nEinstellungen, etc.",
	"startupTitle": "Wählen Sie Ihre Startup-Elemente",
	"removeStartupItemB": "Entfernen",
	"locateFileB": "Datei suchen",
	"findInRegB": "In der Registry suchen",
	"refreshStartupB": "Aktualisieren",
	"restoreStartupB": "Wiederherstellen",
	"backupStartupB": "Backup",
	"lblBackupTitle": "Backup Titel",
	"doBackup": "OK",
	"cancelBackup": "Abbrechen",
	"startupItemName": "Name",
	"startupItemLocation": "Ort",
	"startupItemType": "Typ",
	"txtFeedError": "Keine Internetverbindung, versuchen Sie, die Links erneut zu aktualisieren",
	"appsTitle": "Nützliche Apps schnell herunterladen && installieren",
	"btnGetFeed": "Links aktualisieren",
	"bitPref": "Bit-Präferenz setzen",
	"linkWarnings": "Siehe Warnungen",
	"txtDownloadStatus": "Leerlauf",
	"goToDownloadsB": "Zu den Downloads gehen",
	"btnDownloadApps": "Download",
	"cAutoInstall": "Nach dem Herunterladen installieren",
	"setDownDirLbl": "Download-Ordner festlegen",
	"c64": "64-bit",
	"c32": "32-Bit",
	"checkSelectAll": "Alles auswählen",
	"checkTemp": "Temporäre Dateien",
	"checkLogs": "Windows-Protokolle",
	"checkMiniDumps": "BSOD-Minidumps",
	"checkBin": "Papierkorb leeren",
	"checkMediaCache": "Media Player-Cache",
	"checkErrorReports": "Fehlerberichte",
	"cleanDriveB": "Säubern",
	"lblPretext": "Frei zu machender Speicher:",
	"cleanerTitle": "Bereinigen des Systemlaufwerks",
	"pingerTitle": "Pingen von IP-Adressen und bewerten anhand ihrer Latenz",
    "lblPinger": "IP / Domainname",
	"lblDNS": "Empfohlene Cloudflare-DNS\n(zum kopieren anklicken)",
	"btnOpenNetwork": "Netzwerkverbindungen öffnen",
	"copyIPB": " Kopieren",
	"copyB": "IP kopieren",
	"btnShodan": "Auf SHODAN.io prüfen",
	"btnPing": "Ping",
	"lblResults": "Ergebnisse",
	"flushCacheB": "DNS-Cache leeren",
	"btnExport": "Export",
	"hostsTitle": "Bearbeiten Sie Ihre Hosts-Datei effizient",
	"linkLocate": "Lokalisieren",
	"linkAdvancedEdit": "Erweiterter Editor",
	"linkRestoreDefault": "Standard wiederherstellen",
	"lblIP": "IP-Adresse",
	"lblDomain": "Domain",
	"chkBlock": "Blockieren",
	"addHostB": "Hinzufügen",
	"lblLock": "Schützen Sie Ihre HOSTS-Datei, indem Sie sie sperren",
	"chkReadOnly": "Schreibgeschützt",
	"lblAdblock": "Vorgefertigte Adblocker",
	"lblAdblockSub": "(wird Ihre aktuelle Konfiguration löschen)",
	"adblockS": "AdBlock + Social",
	"adblockP": "AdBlock + Porno",
	"removeHostB": "Entfernen",
	"refreshHostsB": "Aktualisieren",
	"removeAllHostsB": "Alle entfernen",
	"regFixB": "Fix",
	"regLbl": "(einige Änderungen könnten dies erfordern)",
	"checkRestartExplorer": "Auch den Explorer neu starten, um Änderungen zu übernehmen",
	"checkRegistryEditor": "Registry Editor", 
	"checkFirewall": "Windows-Firewall",
	"checkContextMenu": "Rechtsklickmenü",
	"checkRunDialog": "Ausführen-Dialog",
	"checkFolderOptions": "Ordneroptionen",
	"checkControlPanel": "Systemsteuerung",
	"checkCommandPrompt": "Eingabeaufforderung",
	"checkTaskManager": "Task-Manager",
	"checkEnableAll": "Alles aktivieren",
	"registryTitle": "Häufige Probleme in der Registry beheben",
	"quickAccessToggle": "Schnellzugriffsmenü anzeigen",
	"helpTipsToggle": "Hilfemeldungen anzeigen",
	"lblTheming": "Wählen Sie Ihr Design",
	"radioOcean": "Ozean",
	"radioMagma": "Magma",
	"radioZerg": "Zerg",
	"radioCaramel": " Karamell",
	"radioLime": "Limette",
	"radioMinimal": "Minimal",
	"lblUpdating": "Prüfen && aktualisieren",
	"btnUpdate": "Auf Update prüfen",
	"btnChangelog": "Änderungen anzeigen",
	"lblUpdateDisabled": "Deaktiviert in experimentellen Builds",
	"lblTroubleshoot": "Fehlersuche",
	"btnViewLog": "Fehler anzeigen",
	"btnOpenConf": "Konfigurationsordner anzeigen",
	"btnResetConfig": "Konfiguration zurücksetzen",
	"integrator1": "Der Integrator ist in der Lage, vollständig angepasste\nEinträge im Rechtsklickmenü des Desktops hinzuzufügen:",
	"integrator2": "- Jedes Programm",
	"integrator3": "- Verknüpfungen zu Ordnern",
	"integrator4": "- Links zum Web",
	"integrator5": "- Jeder Dateityp",
	"integrator6": "- Befehle",
	"integrator7": "Elemente können benutzerdefinierte Symbole und Positionen haben.\nSie können auch ausgeblendet werden, zugänglich nur\ndurch Drücken der UMSCHALT-Taste.\nSie können auch benutzerdefinierte Befehle\nfür den Ausführungsdialog erstellen, so dass es einfach ist, eine beliebige Anwendung nur durch Eingabe des gewünschten Schlüsselworts zu starten.",
	"integratorInfoTab": "Info",
	"tabPage8": "Hinzufügen/Ändern",
	"tabPage9": "Entfernen",
	"tabPage10": "Fertige Menüs",
	"tabPage11": "Dialog ausführen",
	"addItemL": "Ein Element hinzufügen oder ändern",
	"itemtype": "Elementtyp",
	"radioProgramm": "Programm",
	"radioFolder": "Folder",
	"radioLink": "Link",
	"radioFile": "Datei",
	"radioCommand": "Command",
	"itemtoaddgroup": "Programm zum Hinzufügen",
	"folderToAdd": "Ordner zum Hinzufügen",
	"linkToAdd": "Link zum Hinzufügen",
	"fileToAdd": "Datei zum Hinzufügen",
	"commandToAdd": "Befehl zum Hinzufügen",
	"icontoaddgroup": "Icon zum Hinzufügen",
	"checkDefaultIcon": "Symbol des Programms verwenden",
	"checkDefaultFolderIcon": "Standard-Ordnersymbol verwenden",
	"checkFavicon": "Website-Symbol (Favicon) herunterladen",
	"checkNoIcon": "Kein Icon",
	"dnsCacheM": "DNS-Cache wird gerade generiert, versuchen Sie es später noch einmal!",
	"itemposition": "Elementposition",
	"radioTop": "Oben",
	"radioMiddle": "Mitte",
	"radioBottom": "Unten",	
    "security": "Sicherheit",
	"checkShift": "Nur anzeigen, wenn SHIFT gedrückt wird",
	"itemnamegroup": "Elementname im Menü",
	"btnAddItem": "Hinzufügen/Ändern",
	"removeIntegratorItemsL": "Vorhandene Desktop-Elemente entfernen",
	"removeDIB": "Entfernen",
	"refreshIIB": "Aktualisieren",
	"removeAllIIB": "Alle entfernen",
	"PMB": "Leistungsmenü hinzufügen",
	"STB": "Systemwerkzeuge hinzufügen",
	"WAB": "Windows Apps hinzufügen",
    "SSB": "Systemkurzbefehle hinzufügen",
	"DSB": "Desktop-Verknüpfungen hinzufügen",
	"AddOwnerB": " Eigentümerschaft hinzufügen",
	"RemoveOwnerB": "Eigentümerschaft entfernen",
	"readyMenusL": "Nützliche, vorgefertigte Menüs hinzufügen",
	"refreshCCB": "Aktualisieren",
	"removeCCB": "Entfernen",
	"removeCCL": "Vorhandene Befehle entfernen",
	"btnCreateCustomCommand": "Erstellen",
	"ccKeywordL": "Schlüsselwort",
	"ccFileL": "Dateispeicherort",
	"ccL": "Definieren Sie Ihre benutzerdefinierten Ausführungsbefehle",
	"btnYes": "Ja",
	"btnNo": "Nein",
	"btnOk": "OK",
	"HostsEditorForm": "Hosts Editor",
	"savebtn": "Speichern",
	"closebtn": "Schließen",
	"adminMissingMsg": "Optimizer muss als Administrator ausgeführt werden!\nApp wird jetzt geschlossen...",
	"unsupportedMsg": "Optimizer funktioniert unter Windows 7 oder neuer!\nApp wird jetzt geschlossen...",
	"confInvalidVersionMsg": "Windows-Version stimmt nicht überein!",
	"confInvalidFormatMsg": "Config-Datei hat ein ungültiges Format!",
	"confNotFoundMsg": "Config-Datei existiert nicht!",
	"argInvalidMsg": "Ungültiges Argument! Beispiel: Optimizer.exe /silent.conf",
	"StartupPreviewForm": "Startup Elemente Vorschau",
	"StartupRestoreForm": "Startup-Elemente wiederherstellen",
	"backupL": "Wiederherstellen der Startobjekte",
	"txtNoBackups": "Keine Backups gefunden",
	"previewBackupB": "Vorschau",
	"restoreBackupB": "Wiederherstellen",
	"deleteBackupB": "Löschen",
	"noNewVersion": "Sie haben bereits die neueste Version!",
	"betaVersion": "Sie verwenden eine experimentelle Version!",
	"removeAllStartup": "Sind Sie sicher, dass Sie alle Startobjekte löschen möchten?",
	"removeAllHosts": "Sind Sie sicher, dass Sie alle Hosts-Einträge löschen wollen?",
	"removeAllItems": "Sind Sie sicher, dass Sie alle Desktopelemente löschen möchten?",
	"removeModernApps": "Sind Sie sicher, dass Sie die folgende(n) App(s) deinstallieren möchten?",
	"errorModernApps": "Die folgende(n) App(s) konnte(n) nicht deinstalliert werden:\n",
	"resetMessage": "Sind Sie sicher, dass Sie die Konfiguration zurücksetzen möchten?\nDies setzt alle Ihre Einstellungen zurück, einschließlich aller Symbole, die Sie mit Integrator extrahiert oder heruntergeladen haben, verändert jedoch nichts auf Ihrem Computer!",
	"newVersion": "Es ist eine neue Version verfügbar!\n\nNeueste Version: {LATEST}\nAktuelle Version: {CURRENT}\n\nMöchten Sie sie jetzt herunterladen?\n\nDie App wird in ein paar Sekunden neu gestartet.",
	"downloadsFinished": "Abgeschlossen",
	"downloadDirInvalid": "Der angegebene Download-Ordner ist nicht gültig",
	"no64Download": "Keine 64-Bit verfügbar, 32-Bit herunterladen",
	"no32Download": "Kein 32-Bit verfügbar, Überspringen",
	"installing": "Installieren",
	"linkInvalid": "Link ist nicht mehr gültig",
	"noErrorsM": "Es gibt keine Fehler anzuzeigen!",
	"hostNotFound": "Konnte keinen Host finden",
	"pinging": "Pinging mit 32 Bytes - 9 mal...",
	"latency": "LATENZ",
    "lblSystemTools": "System && Werkzeuge",
	"lblInternet": "Internet",
	"lblCoding": "Programmierung",
	"lblVideoSound": "Video && Audio",
	"min": "Min",
	"max": "Max",
	"avg": "Durchschnitt",
	"timeout": "Anfrage ist zeitlich abgelaufen.",
	"languagesL": "Sprache wählen",
	"trayStartup": "Startup Manager",
	"trayCleaner": "Laufwerksreiniger",
	"trayPinger": "Pinger Tool",
	"trayHosts": "HOSTS Editor",
	"trayAD": "Apps Downloader",
	"trayRestartExplorer": "Explorer neu starten",
	"trayExit": "Beenden",
	"tipWhatsThis": "Was ist das?",
	"performanceTip": "Sammlung von internen Windows-Einstellungen zur Optimierung der Leistung. Vollständig sicher in der Anwendung.

- Verringert die Wartezeit vor dem Beenden von nicht reagierenden Prozessen.
- Verringert die Anzeigeverzögerung des Menüs.
- Deaktiviert die Benachrichtigung über geringen Speicherplatz auf der Festplatte
- Deaktiviert die Funktion Schütteln-zum-Minimieren
- Zeigt immer Dateierweiterungen an
- Zeigt versteckte Dateien",
    "networkTip": "Windows implementiert einen Netzwerk-Drosselmechanismus, der den Netzwerkverkehr einschränkt, wenn Multimedia-Anwendungen ausgeführt werden. Es kann auch die Leistung des Netzwerks verringern, wenn Sie Online-Spiele spielen.",
    "defenderTip": "⚠ Windows Defender kann in Windows 10 Version 1903 und höher NICHT deaktiviert werden disabled.
	
Windows Defender ist der integrierte Virenschutz in Windows-Systemen.",
	"smartScreenTip": "SmartScreen scannt automatisch Dateien, Downloads und Websites, blockiert bereits bekannte gefährliche Inhalte und warnt Sie, bevor Sie diese ausführen.",
	"systemRestoreTip": "Die Systemwiederherstellung ist eine Funktion, mit der der jetzige Zustand von Windows auf einen früheren Zustand zurückgesetzt werden kann, um Fehlfunktionen oder anderen Problemen zu lösen.",
	"reportingTip": "Die Fehlerberichterstattung sammelt Anwendungsabstürze und Fehler und sendet diese an Microsoft.",
	"telemetryTasksTip": "Telemetrie-Dienste senden periodisch Nutzungs- und Leistungsdaten an Microsoft, für zukünftige Verbesserungen.",
	"officeTelemetryTip": "Die Office-Telemetrie sendet periodisch Nutzungs- und Leistungsdaten an Microsoft, zur zukünftigen Verbesserung.",
	"printTip": "Der Druckdienst ist für das Erkennen, Installieren und Verwenden von Druckern zuständig.",
	"faxTip": "Der Faxdienst ist für das Senden und Empfangen von Faxnachrichten zuständig.",
	"mediaSharingTip": "Die Media Player-Freigabe ist für die Freigabe von Heim-Medien für den Windows Media Player zuständig.",
	"stickyTip": "Sticky Keys ist eine Eingabehilfenfunktion, die Windows-Benutzern mit körperlichen Behinderungen zu helfen, die Art von Bewegung zu reduzieren, die mit repetitiven Belastungsschäden verbunden sind.",
	"homegroupTip": "Heimnetzgruppe ist eine Funktion, die die Freigabe von Dateien in einem Heimnetzwerk mit Hilfe des Windows Explorers ermöglicht.",
	"superfetchTip": "Superfetch lädt häufig genutzte Anwendungen in den RAM vor, was zu einer hohen Festplattenauslastung führt, besonders auf HDDs.",
	"compatTip": "Der Kompatibilitätsassistent-Dienst erkennt bekannte Kompatibilitätsprobleme in älteren Programmen.",
	"disableOneDriveTip": "Deaktiviert die OneDrive-Cloud-Speicher-Integration.",
	"oldMixerTip": "Stellt das klassische Lautstärkemixer-Bedienfeld wieder her.",
	"colorBarTip": "- Färbt die Taskleiste mit Ihrer personalisierten Farbe ein. - Deaktiviert Transparenzeffekte",
	"oldExplorerTip": "Deaktiviert den Schnellzugriff und entfernt das häufig genutze Dateien-Feld im Windows Explorer.",
	"adsTip": "Verhindert, dass Werbung im Startmenü angezeigt wird",
	"darkTip": "Aktiviert das dunkle Windows-Design.",
	"uODTip": "Entfernt die OneDrive-Cloudspeicher-Integration vollständig.",
	"peopleTip": "My people ist eine neue Funktion, die aktuelle Kontakte in der Taskleiste anzeigt.",
	"longPathsTip": "Entfernt die Begrenzung der maximalen Pfadlänge auf 256 Zeichen.",
	"inkTip": "Windows Ink bietet Unterstützung für digitale Stifte, um auf dem Bildschirm zu zeichnen.",
	"spellTip": "Nur Touch-Tastatur-Funktionen wie:

- Auto-Korrektur
- Textvorschläge
- Rechtschreibprüfung",
"xboxTip": "Xbox Live-Dienste bieten Streaming-, Aufnahme- und soziale Funktionen für Xbox-Spiele.",
"actionTip": "Das Benachrichtigungscenter ist ein zentraler Ort für Benachrichtigungen und Schnellaktionskacheln, wie Wi-Fi, Bluetooth, etc.",
"autoUpdatesTip": "Deaktiviert das automatische Herunterladen und Installieren von Windows-Updates. Stattdessen erfolgt eine Benachrichtigung, wenn neue Updates verfügbar sind. Außerdem wird der Dienst Bereitstellungsoptimierung deaktiviert.",
"driversTip": "Nützlich, wenn Windows Update ständig einen ordnungsgemäß funktionierenden Treiber durch einen fehlerhaften ersetzt.",
"telemetryServicesTip": "Telemetrie-Dienste verfolgen und protokollieren Nutzungsdaten und senden Feedback zur Analyse an Microsoft.",
"privacyTip": "Zusätzliche Datenschutz-Tweaks, die Folgendes deaktivieren:

- Biometrie
- Geolokalisierung
- Geräteübergreifende Freigabe von Apps
- Text-Logger
- Diagnose",
"ccTip": "Cloud Clipboard teilt die Daten der Zwischenablage über Ihre Geräte untereinander. Es ermöglicht das Kopieren auf einem Gerät und das Einfügen auf einem anderen. Erfordert die Anmeldung bei einem Microsoft-Konto.",
"cortanaTip": "Cortana ist ein virtueller KI-basierter Assistent.

- Deaktiviert Cortana.
- Deaktiviert die Websuche im Startmenü
- Verhindert, dass der Suchverlauf gespeichert wird",
"sensorTip": "Dienste, die die Funktionalität von Sensoren verwalten, wie Auto-Rotation, Auto-Helligkeit, etc. Nützlich nur für Tablets oder Geräte mit Touchscreen.",
"castTip": "Entfernt den Rechtsklick, um Medieninhalte an Miracast-Geräte zu übertragen.",
"gameBarTip": "Game Bar ist ein Schnellzugriffsmenü für Xbox Spieldienste.",
"insiderTip": "Das Windows Insider-Programm ermöglicht es Ihnen, die neuesten Funktionen zu testen bevor sie für die Öffentlichkeit freigegeben werden. Es wird als unnötiger Service für Benutzer angesehen, die nicht daran teilnehmen möchten.",
"featuresTip": "Feature Updates sind technisch gesehen neue Versionen von Windows, die ein Upgrade erfordern. Sie gelten jedoch als riskantes Verfahren. In der Regel handelt es sich um halbjährliche Veröffentlichungen."
}