﻿{
	"btnAbout": "OK",
	"restartButton": "Aplicar e reiniciar",
	"restartButton8": "Aplicar e reiniciar",
	"restartButton10": "Aplicar e reiniciar",
	"restartAndApply": "Reiniciar para aplicar as alterações?",
	"txtVersion": "Versão: {VN}",
	"txtBitness": "A arquitetura do seu computador é de {BITS}.",
	"linkUpdate": "Nova atualização disponível",
	"lblLab": "Experimentar nova implementação\n(deletar após teste)",
	"performanceSw": "Habilitar ajustes de desempenho",
	"networkSw": "Desativar limitações de rede",
	"defenderSw": "Desabilitar Windows Defender",
	"systemRestoreSw": "Desabilitar recuperação do sistema",
	"printSw": "Desabilitar serviço de printscreen",
	"mediaSharingSw": "Desabilitar compartilhamento de mídia",
	"faxSw": "Desabilitar serviço de Fax",
	"reportingSw": "Desativar serviço de reletar erros/problemas",
	"homegroupSw": "Desabilitar grupo Home",
	"superfetchSw": "Desabilitar Superfetch",
	"telemetryTasksSw": "Desabilitar tarefas de telemetria",
	"officeTelemetrySw": "Desabilitar Office 2016 Telemetry",
	"compatSw": "Desativar o assistente de compatibilidade",
	"smartScreenSw": "Desabilitar o SmartScreen",
	"stickySw": "Desabilitar o Sticky Keys",
	"universalTab": "Universal",
	"modernAppsTab": "App's Desnecessários",
	"startupTab": "App's de inicialização",
	"appsTab": "Aplicativos",
	"cleanerTab": "Limpar",
	"pingerTab": "Pinger",
	"registryFixerTab": "Registros",
	"integratorTab": "Integrador",
	"optionsTab": "Opções",
	"oldMixerSw": "Habilitar Mixer de Volume Clássico",
	"colorBarSw": "Habilitar Cor da Barra de Tarefas",
	"oldExplorerSw": "Desativar histórico de acesso rápido",
	"adsSw": "Desativar anúncios do menu Iniciar",
	"darkSw": "Habilitar tema escuro",
	"uODSw": "Desinstalar OneDrive",
	"peopleSw": "Desabilitar 'My People'",
	"longPathsSw": "Habilitar Long Paths",
	"autoUpdatesSw": "Desativar atualizações automáticas",
	"driversSw": "Excluir drivers de atualizações",
	"telemetryServicesSw": "Desativar serviços de telemetria",
	"privacySw": "Aumento de Privacidade",
	"ccSw": "Desabilitar Cloud Clipboard",
	"cortanaSw": "Desabilitar assistência da Cortana",
	"sensorSw": "Desabilitar serviços de sensores",
	"castSw": "Remover transmissão para dispositivos",
	"inkSw": "Desabilitar app Windows Ink",
	"spellSw": "Desabilitar Spell Checking",
	"xboxSw": "Desabilitar Xbox Live",
	"gameBarSw": "Desabilitar Xbox Game Bar",
	"insiderSw": "Desabilitar Windows Insider Service",
	"featuresSw": "Desabilitar Atualizações de Recursos",
	"actionSw": "Desabilitar Centro de Notificações",
	"disableOneDriveSw": "Desabilitar Microsoft OneDrive",
	"refreshModernAppsButton": "Atualizar",
	"uninstallModernAppsButton": "Desinstalar",
	"txtModernAppsTitle": "Desinstalar aplicativos desnecessários indesejados",
	"chkSelectAllModernApps": "Selecionar todos",
	"chkOnlyRemovable": "Apenas desinstaláveis",
	"txtUWP": "Se você desinstalar a loja de aplicativos 'Microsoft Store'\nvocê não vai poder instalar novos aplicativos da loja!\n\nAlém disso, alguns aplicativos\nnão pode ser desinstalado.\n\nComo o navegador Microsoft Edge,\nConfigurações, etc.",
	"startupTitle": "Escolha os aplicativos que iniciarão com o sistema",
	"removeStartupItemB": "Remover",
	"locateFileB": "Local do arquivo",
	"findInRegB": "Procurar nos registros",
	"refreshStartupB": "Atualizar",
	"restoreStartupB": "Restaurar",
	"backupStartupB": "Criar Backup",
	"lblBackupTitle": "Título para o Backup:",
	"doBackup": "OK",
	"cancelBackup": "Cancelar",
	"startupItemName": "Nome",
	"startupItemLocation": "Localização",
	"startupItemType": "Tipo",
	"txtFeedError": "Sem conexão com a Internet, tente atualizar novamente",
	"appsTitle": "Baixe e instale aplicativos úteis rapidamente",
	"btnGetFeed": "Atualizar aplicativos",
	"bitPref": "Preferência de arquitetura (bits)",
	"linkWarnings": "Veja os avisos",
	"txtDownloadStatus": "Inativo",
	"goToDownloadsB": "Pasta dos instaladores",
	"btnDownloadApps": "Baixar agora",
	"cAutoInstall": "Instalar depois de baixar",
	"setDownDirLbl": "Definir a pasta dos instaladores",
	"c64": "64-bit",
	"c32": "32-bit",
	"checkSelectAll": "Selecionar todos",
	"checkTemp": "Arquivos temporários",
	"checkLogs": "Logs do Windows",
	"checkMiniDumps": "BSOD (pequenos despejos)",
	"checkBin": "Esvaziar lixeira",
	"checkMediaCache": "Cache do Media Player",
	"checkErrorReports": "Relatórios de erros",
	"cleanDriveB": "Limpar",
	"lblPretext": "Tamanho a ser liberado:",
	"cleanerTitle": "Limpe a unidade do seu sistema",
	"pingerTitle": "Faça ping em endereços IP e visualize sua latência",
	"lblPinger": "Endereço IP / Nome do Domínio",
	"lblDNS": "Cloudflare DNS recomendado\n(clique para copiar)",
	"btnOpenNetwork": "Conexões de rede abertas",
	"copyIPB": "Copiar",
	"copyB": "Copiar IP",
	"btnShodan": "Checar no site SHODAN.io",
	"btnPing": "Ping",
	"lblResults": "Resultados",
	"flushCacheB": "Atualizar cache do DNS",
	"btnExport": "Exportar",
	"hostsTitle": "Editar seus arquivo hosts de forma eficiente",
	"linkLocate": "Localizar",
	"linkAdvancedEdit": "Editor avançado",
	"linkRestoreDefault": "Restaurar para o padrão",
	"lblIP": "Endereço IP",
	"lblDomain": "Domínio",
	"chkBlock": "Bloquear",
	"addHostB": "Adicionar",
	"lblLock": "Proteja seu arquivo HOSTS bloqueando-o",
	"chkReadOnly": "Apenar leitura",
	"lblAdblock": "Pre-made adblocks",
	"lblAdblockSub": "(vai deletar sua atual config)",
	"adblockS": "AdBlock + Social",
	"adblockP": "AdBlock + Porn",
	"removeHostB": "Remover",
	"refreshHostsB": "Atualizar",
	"removeAllHostsB": "Remover tudo",
	"regFixB": "Corrigir",
	"regLbl": "(algumas mudanças podem precisar disso)",
	"checkRestartExplorer": "Reinicie também o Explorer para aplicar a mudanças",
	"checkRegistryEditor": "Editor de Registros",
	"checkFirewall": "Firewall do Windows",
	"checkContextMenu": "Botão direito no Menu",
	"checkRunDialog": "Iniciar Diálogo",
	"checkFolderOptions": "Opções de pastas",
	"checkControlPanel": "Painel de Controle",
	"checkCommandPrompt": "Prompt de Comando",
	"checkTaskManager": "Gerenciador de Tarefas",
	"checkEnableAll": "Habilitar Tudo",
	"registryTitle": "Corrigir problemas de registro",
	"quickAccessToggle": "Visualizar menu de acesso rápido",
	"helpTipsToggle": "Visualziar mensagens de ajuda",
	"lblTheming": "Escolher seu tema",
	"radioOcean": "Oceano",
	"radioMagma": "Magma",
	"radioZerg": "Zerg",
	"radioCaramel": "Caramelo",
	"radioLime": "Limão",
	"radioMinimal": "Minimalista",
	"lblUpdating": "Checar && atualizar",
	"btnUpdate": "Checar atualizações",
	"btnChangelog": "Visualizar alterações",
	"lblUpdateDisabled": "Desativar a versão de experimento",
	"lblTroubleshoot": "Solução de problemas",
	"btnViewLog": "Visualizar erros",
	"btnOpenConf": "Visualizar configurações de pasta",
	"btnResetConfig": "Resetar configurações",
	"integrator1": "O Integrator pode adicionar itens totalmente personalizados\nna área de trabalho, clique com o botão direito no menu:",
	"integrator2": "• Alguns programas",
	"integrator3": "• Atalhos para pastas",
	"integrator4": "• Links da internet",
	"integrator5": "• Algum tipo de arquivo",
	"integrator6": "• Comandos",
	"integrator7": "Os itens podem ter ícones e posição personalizados.\nEles também podem estar ocultos, acessíveis apenas\npressionando a tecla SHIFT.\nEle também pode criar comandos personalizados\npara Executar Diálogo, facilitando o lançamento\nqualquer aplicativo apenas digitando a palavra-chave desejada.",
	"integratorInfoTab": "Informações",
	"tabPage8": "Adicionar/Modificar",
	"tabPage9": "Remover",
	"tabPage10": "Menus de Leitura",
	"tabPage11": "Executar Palavra Chave",
	"addItemL": "Adicionar ou modificar um item",
	"itemtype": "Tipo de Item",
	"radioProgram": "Programa",
	"radioFolder": "Pasta",
	"radioLink": "Link",
	"radioFile": "Arquivo",
	"radioCommand": "Comando",
	"itemtoaddgroup": "Programa para adicionar",
	"folderToAdd": "Pasta para adicionar",
	"linkToAdd": "Link para adicionar",
	"fileToAdd": "Arquivo para adicionar",
	"commandToAdd": "Comando para adicionar",
	"icontoaddgroup": "Ícone para adicionar",
	"checkDefaultIcon": "Use um programa de ícone",
	"checkDefaultFolderIcon": "Usar ícone padrão para pastas",
	"checkFavicon": "Baixar o ícone de site (favicon)",
	"checkNoIcon": "Sem ícone",
	"dnsCacheM": "O DNS Cache está sendo gerado, tente mais tarde!",
	"itemposition": "Posição do ícone",
	"radioTop": "Em cima",
	"radioMiddle": "No meio",
	"radioBottom": "Em baixo",
	"security": "Segurança",
	"checkShift": "Mostrar apenas quando SHIFT é pressionado",
	"itemnamegroup": "Nome do item no menu",
	"btnAddItem": "Adicionar/Modificar",
	"removeIntegratorItemsL": "Remover itens existentes da área de trabalho",
	"removeDIB": "Remover",
	"refreshIIB": "Atualizar",
	"removeAllIIB": "Remover todos",
	"PMB": "Adicionar Menu Power",
	"STB": "Adicionar Ferramentas do sistema",
	"WAB": "Adicionar Windows Apps",
	"SSB": "Adicionar Atalhos do sistema",
	"DSB": "Adicionar atalhos da área de trabalho",
	"AddOwnerB": "Adicionar Take Ownership",
	"RemoveOwnerB": "Remover Take Ownership",
	"readyMenusL": "Adicionar menus úteis pré-definidos",
	"refreshCCB": "Atualizar",
	"removeCCB": "Remover",
	"removeCCL": "Remover comandos existentes",
	"btnCreateCustomCommand": "Criar",
	"ccKeywordL": "Palavra chave",
	"ccFileL": "Local do arquivo",
	"ccL": "Defina seus comandos de execução personalizados",
	"btnYes": "Sim",
	"btnNo": "Não",
	"btnOk": "Ok",
	"HostsEditorForm": "Editor de Hosts",
	"savebtn": "Salvar",
	"closebtn": "Fechar",
	"adminMissingMsg": "O otimizador precisa ser executado como administrador!\nO aplicativo vai fechar agora...",
	"unsupportedMsg": "O otimizador funciona no Windows 7 ou superior!\nO aplicativo vai fechar agora...",
	"confInvalidVersionMsg": "A versão do Windows não é compatível!",
	"confInvalidFormatMsg": "O arquivo de configuração está em formato inválido!",
	"confNotFoundMsg": "O arquivo de configuração não existe!",
	"argInvalidMsg": "Argumentos inválidos! Use o exemplo: Optimizer.exe /silent.conf",
	"StartupPreviewForm": "Visualização dos itens de inicialização",
	"StartupRestoreForm": "Restaurar itens de inicialização",
	"backupL": "Recupere seus itens de inicialização",
	"txtNoBackups": "Nenhum backup encontrado",
	"previewBackupB": "Pré visualizar",
	"restoreBackupB": "Restaurar",
	"deleteBackupB": "Deletar",
	"noNewVersion": "Você já está na última versão!",
	"betaVersion": "Você está usando uma versão experimental!",
	"removeAllStartup": "Tem certeza que deseja deletar todos os itens de inicialização?",
	"removeAllHosts": "Você tem certeza que deseja apagar todas as entradas de hosts?",
	"removeAllItems": "Tem certeza de que deseja excluir todos os itens da área de trabalho?",
	"removeModernApps": "Tem certeza de que deseja desinstalar os seguintes aplicativos?",
	"errorModernApps": "Não foi possível desinstalar os seguintes aplicativos:\n",
	"resetMessage": "Tem certeza de que deseja redefinir a configuração?\nIsso irá redefinir todas as suas preferências, incluindo quaisquer ícones que você extraiu\nou baixado usando o Integrator, mas não vai deletar nada do seu computador!",
	"newVersion": "Existe uma nova versão disponível!\n\nVersão mais recente: {LATEST}\nVersão instalada no seu PC: {CURRENT}\n\nDeseja fazer o download agora para atualizar?\n\nO aplicativo irá reiniciar em alguns segundos.",
	"downloadsFinished": "Finalizado",
	"downloadDirInvalid": "A pasta de download especificada não é válida",
	"no64Download": "Nenhum download disponível para 64-bit, baixando 32-bit",
	"no32Download": "Nenhum download disponível para 32-bit, pular",
	"installing": "Instalando",
	"linkInvalid": "Link não é mais válido",
	"noErrorsM": "Não há erros para mostrar!",
	"hostNotFound": "Não foi possível encontrar host",
	"pinging": "Pigando 9 vezes...",
	"latency": "Latência",
	"lblSystemTools": "Sistema && Ferramentas",
	"lblInternet": "Internet",
	"lblCoding": "Codificação",
	"lblVideoSound": "Video && Aúdio",
	"min": "Mínimo",
	"max": "Máximo",
	"avg": "Média",
	"timeout": "Tempo de solicitação expirou",
	"languagesL": "Escolher uma linguagem",
	"trayStartup": "Gerenciador de inicialização",
	"trayCleaner": "Limpador de unidade",
	"trayPinger": "Ferramenta de Ping",
	"trayHosts": "Editor de HOSTS",
	"trayAD": "Download de aplicativos",
	"trayRestartExplorer": "Reinicie o Explorer",
	"trayExit": "Sair",
	"tipWhatsThis": "O que é isso?",
	"performanceTip": "Coleção de configurações internas do Windows para otimizar o desempenho.
Completamente seguro para aplicar.

- Reduz o tempo de espera antes de eliminar processos que não respondem.
- Diminui o tempo de atraso da exibição do menu.
- Desativar notificação de verificação de pouco espaço em disco.
- Desativa o recurso de 'agitar' para minimizar.
- Sempre mostra as extensões dos arquivos.
- Mostra todos arquivos ocultos",
	"networkTip": "O Windows implementa um mecanismo de limitação de rede que restringe
tráfego de rede ao executar aplicativos de multimídia. Ele também pode reduzir o
desempenho da rede ao jogar jogos online.",
	"defenderTip": "O Windows Defender é o antivírus integrado nos sistemas Windows.",
	"smartScreenTip": "O SmartScreen verifica automaticamente arquivos, downloads e sites, bloqueando
conteúdo perigoso já conhecido e avisa antes de abrir/executar.",
	"systemRestoreTip": "A Restauração do Sistema é um recurso que permite reverter o estado do Windows
para uma versão anterior para se recuperar de vários ou outros problemas.",
	"reportingTip": "O Relatador de Erros/Problemas coleta travamentos e erros do aplicativo e os envia para a Microsoft.",
	"telemetryTasksTip": "Os serviços de telemetria enviam periodicamente dados de uso e desempenho para a Microsoft,
para melhorias futuras.",
	"officeTelemetryTip": "A telemetria do Office envia periodicamente o uso e
dados de desempenho para a Microsoft, para melhorias futuras.",
	"printTip": "O serviço de impressão é responsável por detectar, instalar e utilizar impressoras.",
	"faxTip": "O serviço de fax é responsável por enviar e receber faxes.",
	"mediaSharingTip": "O Compartilhamento de Media Player fornece compartilhamento de mídia doméstica para o Windows Media Player.",
	"stickyTip": "Sticky Keys é um recurso de acessibilidade para ajudar os usuários do Windows com 
deficiências físicas reduzindo o tipo de movimento associado a 
lesão por esforço repetitivo.",
	"homegroupTip": "Grupo doméstico é um recurso que permite compartilhar arquivos
em uma rede doméstica usando o Windows Explorer.",
	"superfetchTip": "O superfetch pré-carrega aplicativos comumente usados na RAM, causando alto uso do disco,
especificamente em HDs.",
	"compatTip": "O serviço Compatibility Assistant detecta problemas de compatibilidade conhecidos em programas mais antigos.",
	"disableOneDriveTip": "Desativa a integração de armazenamento em nuvem OneDrive.",
	"oldMixerTip": "Restaura o painel de controle clássico do mixer de volume.",
	"colorBarTip": "- Personalizar a cor da barra de tarefas.
- Desativar efeitos de transparência",
	"oldExplorerTip": "Desative o Acesso rápido e remova arquivos frequentes no Windows Explorer.",
	"adsTip": "Impede que anúncios apareçam no Menu Iniciar.",
	"darkTip": "Ativa o tema escuro do Windows.",
	"uODTip": "Remove completamente a integração de armazenamento em nuvem OneDrive.",
	"peopleTip": "My People é um novo recurso que mostra os contatos recentes na barra de tarefas.",
	"longPathsTip": "Remove a limitação do comprimento máximo do caminho de 256 caracteres.",
	"inkTip": "O Windows Ink oferece suporte para canetas digitais para desenhar na tela.",
	"spellTip": "Recursos apenas do teclado de toque como:

- Auto correção
- Sugestões de texto
- Verificação ortográfica",
	"xboxTip": "Os serviços do Xbox Live oferecem streaming, gravação e recursos sociais para os jogos do Xbox.",
	"actionTip": "A Central de Notificações é um local central para notificações e blocos de ação rápida,
como Wi-Fi, Bluetooth, etc.",
	"autoUpdatesTip": "Desativa o download e a instalação automáticos de atualizações do Windows.
Em vez disso, há uma notificação quando novas atualizações estão disponíveis.
Ele também desativa o serviço de otimização de entrega.",
	"driversTip": "Útil quando o Windows Update substitui constantemente um
driver funcionando, porém com um defeito.",
	"telemetryServicesTip": "Os serviços de telemetria rastreiam e registram dados de uso enviando feedback
para análise à Microsoft.",
	"privacyTip": "Ajustes de privacidade extra desativa o seguinte:

- Biometria
- Geolocalização
- Compartilhamento de aplicativos entre dispositivos
- Registrador de texto
- Diagnósticos",
	"ccTip": "Cloud Clipboard compartilha dados da área de transferência em seus dispositivos.
Permite copiar em um dispositivo e colar em outro.
Requer login em uma conta Microsoft.",
	"cortanaTip": "Cortana é um assistente virtual baseado em IA.

- Desative a Cortana.
- Desative a pesquisa na web no menu Iniciar
- Impede de manter o histórico de pesquisa",
	"sensorTip": "Serviços que gerenciam a funcionalidade dos sensores,
como rotação automática, brilho automático, etc.
Útil apenas para tablets ou dispositivos com tela de toque.",
	"castTip": "Remove o clique com o botão direito para compartilhar conteúdo de mídia com dispositivos Miracast.",
	"gameBarTip": "Barra de jogos é um menu de acesso rápido para serviços de jogos Xbox.",
	"insiderTip": "O programa Windows Insider permite que você teste os recursos mais recentes
antes de serem divulgados ao público.
É considerado um serviço desnecessário para usuários que não desejam participar.",
	"featuresTip": "As atualizações de recursos são tecnicamente novas versões do Windows, que requerem uma atualização.
No entanto, eles são considerados um procedimento arriscado. Geralmente são lançamentos semestrais."
}