﻿{
	"btnAbout": "Ок",
	"restartButton": "Применить и перезапустить",
	"restartButton8": "Применить и перезапустить",
	"restartButton10": "Применить и перезапустить",
	"restartAndApply": "перезагрузить, чтобы изменения вступили в силу?",
	"txtVersion": "Версия: {VN}",
	"txtBitness": "Вы работаете с {BITS}",
	"linkUpdate": "обновление доступно",
	"lblLab": "экспериментальная сборка\n(удалить после тестирования)",
	"performanceSw": "Вкл Настройки производительности",
	"networkSw": "Отключить Сетевое регулирование",
	"defenderSw": "Отключить Защитник Windows",
	"systemRestoreSw": "Отключить Восстановление системы",
	"printSw": "Отключить Службу печати",
	"mediaSharingSw": "Отключить обмен медиаплеером",
	"faxSw": "Отключить Службу факса",
	"reportingSw": "Отключить Отчет об ошибках",
	"homegroupSw": "Отключить Домашнюю группу",
	"superfetchSw": "Отключить служба Superfetch",
	"telemetryTasksSw": "Отключить Задачи телеметрии",
	"officeTelemetrySw": "Отключить Офисную телеметрию",
	"compatSw": "Отключить Помощника по совместимости",
	"smartScreenSw": "Отключить SmartScreen",
	"stickysw": "Отключить Залипание клавиш",
	"universalTab": "Универсальное",
	"modernAppsTab": "UWP Приложения",
	"startupTab": "Автозагрузка",
	"appsTab": "Общие приложения",
	"cleanerTab": "Очистка",
	"pingerTab": "Пинг",
	"registryFixerTab": "Реестр",
	"integratorTab": "Интегратор",
	"optionsTab": "Опции",
	"oldMixerSw": "Включить Классический микшер громкости",
	"colorBarSw": "Включить Цвет панели задач",
	"oldExplorerSw": "Отключить История быстрого доступа",
	"adsSw": "Отключить Реклама в меню Пуск",
	"darkSw": "Включить Темная тема",
	"uODSw": "Удалить OneDrive",
	"peopleSw": "Отключить My People",
	"longPathsSw": "Включить Длинные пути",
	"autoUpdatesSw": "Отключить Автоматические обновления",
	"driversSw": "Исключить драйверы из обновлений",
	"telemetryServicesSw": "Отключить Службы телеметрии",
	"privacySw": "Повышение конфиденциальности",
	"ccSw": "Отключить Облачный буфер обмена",
	"cortanaSw": "Отключить Cortana",
	"sensorSw": "Отключить службы сенсоров",
	"castSw": "Удалить трансляцию на устройство",
	"inkSw": "Отключить Windows Ink",
	"spellSw": "Отключить Проверку орфографии",
	"xboxSw": "Отключить Xbox Live",
	"gameBarSw": "Отключить Game Bar",
	"insiderSw": "Отключить Insider Service",
	"featuresSw": "Отключить функцию обновлений",
	"actionSw": "Отключить Центр уведомлений",
	"disableOneDriveSw": "Отключить OneDrive",
	"refreshModernAppsButton": "обновить",
	"uninstallModernAppsButton": "удалить",
	"txtModernAppsTitle": "Удалить ненужные приложения UWP",
	"chkSelectAllModernApps": "выделить всё",
	"chkOnlyRemovable": "только возможные для удаления",
	"txtUWP": "Если вы удалите Store\nты не сможешь\nустанавливать новые приложения!\n\nТакже некоторые приложения\nне могут быть удалены.\n\nКак и Microsoft Edge,\nНастройки и т.д.",
	"startupTitle": "Выберите элементы автозагрузки",
	"removeStartupItemB": "Удалить",
	"locateFileB": "Найти файл",
	"findInRegB": "Найти в реестре",
	"refreshStartupB": "Обновить",
	"restoreStartupB": "Восстановить",
	"backupStartupB": "Резервная копия",
	"lblBackupTitle": "Резервная копия заголовка:",
	"doBackup": "Ок",
	"cancelBackup": "Отмена",
	"startupItemName": "Название",
	"startupItemLocation": "Расположение",
	"startupItemType": "Тип",
	"txtFeedError": "нет подключения к Интернету, попробуйте обновить ссылки еще раз",
	"appsTitle": "Быстрая загрузка и установка полезных приложений",
	"btnGetFeed": "обновить ссылки",
	"bitPref": "указать разрядность",
	"linkWarnings": "см предупреждение",
	"txtDownloadStatus": "Бездействует",
	"goToDownloadsB": "перейти к загрузкам",
	"btnDownloadApps": "загрузить",
	"cAutoInstall": "установить после загрузки",
	"setDownDirLbl": "установить папку загрузки",
	"c64": "64-бит",
	"c32": "32-бит",
	"checkSelectAll": "выбрать все",
	"checkTemp": "временные файлы",
	"checkLogs": "журналы Windows",
	"checkMiniDumps": "мини-дампы BSOD",
	"checkBin": "пустая корзина",
	"checkMediaCache": "кеш медиаплееров",
	"checkErrorReports": "отчеты об ошибках",
	"cleanDriveB": "очистить",
	"lblPretext": "размер, который нужно освободить:",
	"cleanerTitle": "очистить системный диск",
	"pingerTitle": "пинг IP адреса и оценка ваших задержек",
	"lblPinger": "IP / доменное имя",
	"lblDNS": "Рекомендуемый Cloudflare DNS\n(нажмите, чтобы скопировать)",
	"btnOpenNetwork": "Сетевые соединения",
	"copyIPB": "копировать",
	"copyB": "копировать IP",
	"btnShodan": "проверить на SHODAN.io",
	"btnPing": "пинг",
	"lblResults": "результаты",
	"flushCacheB": "очистить кеш DNS",
	"btnExport": "экспорт",
	"hostsTitle": "редактировать файл hosts",
	"linkLocate": "найти",
	"linkAdvancedEdit": "редактор",
	"linkRestoreDefault": "сброс настроек",
	"lblIP": "IP адрес",
	"lblDomain": "домен",
	"chkBlock": "блокировать",
	"addHostB": "добавить",
	"lblLock": "Защитите свой файл HOSTS,\nзаблокировав его",
	"chkReadOnly": "только для чтения",
	"lblAdblock": "готовый adblock",
	"lblAdblockSub": "(удалит вашу текущую конфигурацию)",
	"adblockS": "AdBlock + Соцсети",
	"adblockP": "AdBlock + Porn",
	"removeHostB": "удалить",
	"refreshHostsB": "обновить",
	"removeAllHostsB": "удалить все",
	"regFixB": "исправить",
	"regLbl": "(некоторые изменения могут нуждаться в этом)",
	"checkRestartExplorer": "также перезапустите проводник, чтобы применить изменения",
	"checkRegistryEditor": "редактор реестра",
	"checkFirewall": "брандмауэр Windows",
	"checkContextMenu": "контекстное меню",
	"checkRunDialog": "диалог выполнить",
	"checkFolderOptions": "опции папки",
	"checkControlPanel": "панель управления",
	"checkCommandPrompt": "командная строка",
	"checkTaskManager": "диспетчер задач",
	"checkEnableAll": "включить все",
	"registryTitle": "исправить общие проблемы с реестром",
	"quickAccessToggle": "показать меню быстрого доступа",
	"helpTipsToggle": "показать справочные сообщения",
	"lblTheming": "выберите свою тему",
	"radioOcean": "океан",
	"radioMagma": "магма",
	"radioZerg": "зерги",
	"radioCaramel": "карамель",
	"radioLime": "лайм",
	"radioMinimal": "минимальный",
	"lblUpdating": "проверить обновление",
	"btnUpdate": "Проверить обновления",
	"btnChangelog": "посмотреть изменения",
	"lblUpdateDisabled": "Отключено в экспериментальных сборках",
	"lblTroubleshoot": "Исправление проблем",
	"btnViewLog": "посмотреть ошибки",
	"btnOpenConf": "показать папку конфигурации",
	"btnResetConfig": "сброс конфигурации",
	"integrator1": "Интегратор может добавлять полностью настраиваемые\nэлементы в контекстное меню рабочего стола:",
	"integrator2": "• Любая программа",
	"integrator3": "• Ярлыки для папок",
	"integrator4": "• ссылки на веб-страницы",
	"integrator5": "• любой тип файла",
	"integrator6": "• команды",
	"integrator7": "Элементы могут иметь настраиваемые значки и положение.\nОни также могут быть скрыты, доступны только\nнажатием клавиши SHIFT.\n\nОн также может создавать собственные команды\nдля диалог выполнить, что упрощает запуск\nлюбое приложение, только набрав желаемое\nключевое слово.",
	"integratorInfoTab": "Информация",
	"tabPage8": "добавить/изменить",
	"tabPage9": "удалить",
	"tabPage10": "готовые меню",
	"tabPage11": "диалог выполнить",
	"addItemL": "добавить или изменить элемент",
	"itemtype": "тип элемента",
	"radioProgram": "программа",
	"radioFolder": "папка",
	"radioLink": "ссылка",
	"radioFile": "файл",
	"radioCommand": "команда",
	"itemtoaddgroup": "программа для добавления",
	"folderToAdd": "папка для добавления",
	"linkToAdd": "ссылка для добавления",
	"fileToAdd": "файл для добавления",
	"commandToAdd": "команда для добавления",
	"icontoaddgroup": "значок для добавления",
	"checkDefaultIcon": "использовать значок программы",
	"checkDefaultFolderIcon": "Использовать значок папки по умолчанию",
	"checkFavicon": "Скачать иконку сайта (фавикон)",
	"checkNoIcon": "Нет значка",
	"dnsCacheM": "Создается кэш DNS, повторите попытку позже!",
	"itemposition": "позиция элемента",
	"radioTop": "верх",
	"radioMiddle": "середина",
	"radioBottom": "низ",
	"security": "безопасность",
	"checkShift": "показывать только при нажатии клавиши SHIFT",
	"itemnamegroup": "название пункта в меню",
	"btnAddItem": "добавить/изменить",
	"removeIntegratorItemsL": "Удалить существующие элементы рабочего стола",
	"removeDIB": "стать владельцем",
	"refreshIIB": "обновить",
	"removeAllIIB": "удалить все",
	"PMB": "добавить меню питания",
	"STB": "добавить системные инструменты",
	"WAB": "добавить приложения для Windows",
	"SSB": "добавить системные ярлыки",
	"DSB": "добавить ярлыки на рабочем столе",
	"AddOwnerB": "добавить стать владельцем",
	"RemoveOwnerB": "удалить стать владельцем",
	"readyMenusL": "Добавить готовое меню",
	"refreshCCB": "обновить",
	"removeCCB": "Удалить",
	"removeCCL": "Удалить существующие команды",
	"btnCreateCustomCommand": "создать",
	"ccKeywordL": "ключевое слово",
	"ccFileL": "расположение файла",
	"ccL": "Определите свои собственные команды",
	"btnYes": "Да",
	"btnNo": "Нет",
	"btnOk": "Ок",
	"HostsEditorForm": "Hosts редактор",
	"savebtn": "сохранить",
	"closebtn": "закрыть",
	"adminMissingMsg": "Optimizer должен быть запущен от имени администратора!\nПриложение будет закрыто.",
	"unsupportedMsg": "Optimizer работает в Windows 7 и выше!\nПриложение будет закрыто.",
	"confInvalidVersionMsg": "Версия Windows не совпадает!",
	"confInvalidFormatMsg": "Файл конфигурации имеет недопустимый формат!",
	"confNotFoundMsg": "Файл конфигурации не существует!",
	"argInvalidMsg": "Недопустимый аргумент! Пример: Optimizer.exe /silent.conf",
	"StartupPreviewForm": "предварительный просмотр элементов автозагрузки",
	"StartupRestoreForm": "Восстановить элементы автозагрузки",
	"backupL": "Восстановить ваши элементы автозагрузки",
	"txtNoBackups": "Резервных копий не найдено",
	"previewBackupB": "предварительный просмотр",
	"restoreBackupB": "восстановить",
	"deleteBackupB": "удалить",
	"noNewVersion": "У вас уже установлена последняя версия!",
	"betaVersion": "Вы используете экспериментальную версию!",
	"removeAllStartup": "Вы действительно хотите удалить все элементы автозагрузки?",
	"removeAllHosts": "Вы уверены, что хотите удалить все записи о хостах?",
	"removeAllItems": "Вы уверены, что хотите удалить все элементы рабочего стола?",
	"removeModernApps": "Вы уверены, что хотите удалить следующие приложения?",
	"errorModernApps": "Следующие приложения не могут быть удалены:\n",
	"resetMessage": "Это сбросит все ваши настройки, включая любые значки,\nкоторые вы извлекли или загрузили с помощью интегратора,\nно ничего не затронет на вашем компьютере!",
	"newVersion": "Доступна новая версия!\n\nПоследняя версия: {LATEST}\nТекущая версия: {CURRENT}\n\nВы хотите скачать сейчас?\n\nПриложение перезапустится через несколько секунд.",
	"downloadsFinished": "завершено",
	"downloadDirInvalid": "Указанная папка загрузки недоступна",
	"no64Download": "Нет 64-разрядной версии, скачивается 32-разрядная версия",
	"no32Download": "Нет 32-битной версии, пропускаем",
	"installing": "Установка",
	"linkInvalid": "Ссылка больше не действительна",
	"noErrorsM": "Нет ошибок!",
	"hostNotFound": "Не удалось найти хост",
	"pinging": "Пинг 32 байт - 9 раз...",
	"latency": "задержка",
	"lblSystemTools": "Система и инструменты",
	"lblInternet": "Интернет",
	"lblCoding": "кодирование",
	"lblVideoSound": "Видео и звук",
	"min": "мин",
	"max": "макс",
	"avg": "среднее",
	"timeout": "время ожидания всех пакетов истекло",
	"languagesL": "выберите язык",
	"trayStartup": "Менеджер автозагрузки",
	"trayCleaner": "Очистка ПК",
	"trayPinger": "Инструмент Пинг",
	"trayHosts": "HOSTS Редактор",
	"trayAD": "Загрузчик приложений",
	"trayRestartExplorer": "Перезапуск Проводника",
	"trayExit": "Выход",
	"tipWhatsThis": "Что это?",
	"performanceTip": "Сбор внутренних настроек Windows для оптимизации производительности.
Полностью безопасно для применения.

- Сокращает время ожидания перед завершением неотвечающих процессов.
- Уменьшает время задержки отображения меню.
- Отключить уведомление о проверке нехватки места на диске
- Отключить функцию встряхивания для минимизации
- Всегда показывает расширения файлов
- Показывает скрытые файлы",
	"networkTip": "Windows реализует механизм регулирования сети, который ограничивает
сетевой трафик при запуске мультимедийных приложений. Это также может снизить
производительность при игре в онлайн-игры.",
	"defenderTip": "⚠ Защитник Windows НЕЛЬЗЯ отключить в Windows 10 версии 1903 и более поздних.

Защитник Windows - это встроенный антивирус в системах Windows.",
	"smartScreenTip": "SmartScreen автоматически сканирует файлы, загрузки и веб-сайты, блокируя
уже известный опасный контент и предупреждает вас перед его запуском.",
	"systemRestoreTip": "Восстановление системы - это функция, которая позволяет вернуть состояние Windows.
к предыдущему для восстановления после сбоев или других проблем.",
	"reportingTip": "Отчет об ошибках собирает сбои приложений и ошибки и отправляет их в Microsoft.",
	"telemetryTasksTip": "Службы телеметрии периодически отправляют в Microsoft данные об использовании и производительности,
для будущих улучшений.",
	"officeTelemetryTip": "Офисная телеметрия периодически отправляет данные об использовании и
данные о производительности в Microsoft для будущих улучшений.",
	"printTip": "Служба печати отвечает за обнаружение, установку и использование принтеров.",
	"faxTip": "Служба факсов отвечает за отправку и получение факсов.",
	"mediaSharingTip": "Совместное использование проигрывателя мультимедиа обеспечивает общий доступ к домашнему мультимедиа для проигрывателя Windows Media.",
	"stickyTip": "Sticky Keys - это специальная функция, помогающая пользователям Windows с
физическими недостатками, уменьшающими вид движения, связанный с
повреждениями от повторяющихся деформаций.",
	"homegroupTip": "Домашняя группа - это функция, которая позволяет обмениваться файлами
в домашней сети с помощью проводника Windows.",
	"superfetchTip": "Superfetch предварительно загружает часто используемые приложения в оперативную память, что 
приводит к высокой загрузке диска, особенно на жестких дисках.",
	"compatTip": "Служба Compatibility Assistant обнаруживает известные проблемы совместимости в старых программах.",
	"disableOneDriveTip": "Отключает интеграцию облачного хранилища OneDrive.",
	"oldMixerTip": "Восстанавливает классическую панель управления микшером громкости.",
	"colorBarTip": "- Раскрашивает панель задач вашим индивидуальным цветом.
- Отключает эффекты прозрачности",
	"oldExplorerTip": "Отключить быстрый доступ и удалить часто используемые файлы в проводнике Windows.",
	"adsTip": "Предотвращает показ рекламы в меню «Пуск».",
	"darkTip": "Включает темную тему Windows.",
	"uODTip": "Полностью удаляет интеграцию облачного хранилища OneDrive.",
	"peopleTip": "My People это новая функция, отображающая недавние контакты на панели задач.",
	"longPathsTip": "Снимает ограничение на максимальную длину пути в 256 символов.",
	"inkTip": "Windows Ink обеспечивает поддержку цифровых перьев для рисования на экране.",
	"spellTip": "Возможности сенсорной клавиатуры:

- Автокоррекция
- Текстовые предложения
- Проверка орфографии",
	"xboxTip": "Службы Xbox Live предлагают потоковую передачу, запись и социальные функции для игр Xbox.",
	"actionTip": "Центр уведомлений - это центральное место для уведомлений и плиток быстрого действия,
например, Wi-Fi, Bluetooth и т. д.",
	"autoUpdatesTip": "Отключает автоматическую загрузку и установку обновлений Windows.
Вместо этого появляется уведомление, когда доступны новые обновления.
Он также отключает службу оптимизации доставки.",
	"driversTip": "Полезно, если Центр обновления Windows постоянно 
заменяет исправный драйвер неисправным.",
	"telemetryServicesTip": "Сервисы телеметрии отслеживают и регистрируют данные об использовании, 
отправляя отзывы для анализа в Microsoft.",
	"privacyTip": "Дополнительные настройки конфиденциальности, отключающие следующее:

- Биометрия
- Геолокация
- Обмен приложениями на разных устройствах
- Текстовый журнал
- Диагностика",
	"ccTip": "Cloud Clipboard передает данные буфера обмена на все ваши устройства.
Это позволяет копировать на одном устройстве и вставлять на другом.
Требуется вход в учетную запись Microsoft.",
	"cortanaTip": "Cortana - виртуальный помощник на основе искусственного интеллекта.

- Отключить Cortana.
- Отключить веб-поиск в меню «Пуск».
- Предотвращает сохранение истории поиска",
	"sensorTip": "Сервисы, управляющие работой сенсоров,
например автоповорот, автояркость и т. д.
Полезно только для планшетов или устройств с сенсорным экраном.",
	"castTip": "Удаляет щелчок правой кнопкой мыши для обмена медиаконтентом на устройства Miracast.",
	"gameBarTip": "Игровая панель - это меню быстрого доступа к игровым сервисам Xbox.",
	"insiderTip": "Программа Windows Insider позволяет вам протестировать новейшие функции
до того, как они будут опубликованы.
Это считается ненужной службой для пользователей, которые не хотят участвовать.",
	"featuresTip": "Обновления компонентов - это технически новые версии Windows, требующие обновления.
Однако это считаются рискованной процедурой. Обычно это полугодовые релизы."
}